country,year,industry,transport,services,households,agriculture,total
Bulgaria,1990,8933.88,2302.071,1597.812,2336.07,789.039,15958.872
Bulgaria,1991,6720.935,1275.702,750.004,2479.321,687.757,11913.719000000001
Bulgaria,1992,5443.309,1381.153,535.428,2626.804,498.05,10484.743999999999
Bulgaria,1993,4718.096,1527.654,670.187,2829.252,409.391,10154.58
Bulgaria,1994,5049.802,1398.673,869.806,2443.498,436.972,10198.750999999998
Bulgaria,1995,5688.596,1502.778,703.694,2447.466,384.913,10727.447
Bulgaria,1996,5663.87,1478.18,771.603,2685.13,418.582,11017.365
Bulgaria,1997,5544.715,1502.073,607.183,2213.172,316.069,10183.212
Bulgaria,1998,4631.881,1897.21,650.454,2424.369,290.693,9894.607
Bulgaria,1999,3520.233,1978.394,680.677,2174.123,308.601,8662.028
Bulgaria,2000,3589.527,1931.53,658.397,2101.596,313.668,8594.717999999999
Bulgaria,2001,3587.938,1986.768,773.157,1975.063,275.658,8598.583999999999
Bulgaria,2002,3370.852,2068.872,747.412,2116.749,279.945,8583.83
Bulgaria,2003,3620.104,2248.317,762.994,2231.753,283.578,9146.746
Bulgaria,2004,3656.949,2421.986,714.995,2084.563,276.457,9154.949999999999
Bulgaria,2005,3649.899,2717.28,840.941,2089.666,303.99,9601.776
Bulgaria,2006,3680.952,2855.793,963.008,2158.268,295.112,9953.133
Bulgaria,2007,3811.018,2767.061,918.493,2061.67,266.592,9824.834
Bulgaria,2008,3453.842,2884.27,982.449,2113.463,187.23,9621.253999999999
Bulgaria,2009,2442.063,2761.501,970.058,2114.011,183.13,8470.762999999999
Bulgaria,2010,2549.961,2694.753,1026.678,2243.338,183.481,8698.211
Bulgaria,2011,2696.44,2759.922,1089.74,2374.281,203.369,9123.752
Bulgaria,2012,2566.576,2914.39,1069.698,2352.559,198.705,9101.928000000002
Bulgaria,2013,2595.527,2620.341,1029.822,2241.036,192.934,8679.66
Bulgaria,2014,2617.523,2916.487,992.002,2164.991,190.326,8881.329
Bulgaria,2015,2719.641,3211.585,1078.658,2192.912,185.584,9388.380000000001
Bulgaria,2016,2655.459,3268.077,1157.041,2252.111,185.09,9517.778
Bulgaria,2017,2757.516,3324.915,1167.156,2318.715,177.288,9745.59
Bulgaria,2018,2736.144,3374.736,1231.216,2229.672,185.275,9757.043
Bulgaria,2019,2678.806,3413.546,1268.032,2162.252,187.459,9710.095000000001
Bulgaria,2020,2646.35,3209.758,1066.112,2382.245,188.093,9492.558
Bulgaria,2021,2823.82,3434.583,1299.855,2403.893,193.783,10155.934
Bulgaria,2022,2703.532,3468.082,1343.364,2137.397,193.306,9845.681
Bulgaria,2023,2540.266,3527.768,1264.733,2046.582,193.553,9572.902
Bulgaria,2024,2594.815,3748.692,1320.059,1961.546,189.528,9814.64
Croatia,1990,2190.058,1239.605,492.07,1971.244,437.811,6330.788
Croatia,1991,1660.83,992.339,408.105,2272.567,283.244,5617.085
Croatia,1992,1333.198,928.719,341.761,1974.941,281.331,4859.950000000001
Croatia,1993,1269.435,968.916,413.576,2058.863,275.716,4986.506
Croatia,1994,1318.544,1031.896,444.693,1978.224,253.486,5026.843
Croatia,1995,1203.635,1095.997,482.957,2166.831,253.966,5203.386
Croatia,1996,1282.935,1224.574,505.369,2426.658,261.108,5700.644
Croatia,1997,1415.585,1295.467,508.473,2363.492,262.304,5845.321
Croatia,1998,1405.95,1349.721,521.763,2368.9,277.709,5924.043000000001
Croatia,1999,1347.242,1445.388,531.877,2484.067,266.517,6075.091
Croatia,2000,1335.338,1477.566,520.468,2294.89,265.491,5893.753
Croatia,2001,1400.676,1492.788,594.086,2469.763,246.456,6203.769
Croatia,2002,1353.052,1593.842,626.074,2483.313,226.044,6282.325000000001
Croatia,2003,1403.685,1722.975,666.293,2706.366,229.447,6728.766
Croatia,2004,1523.582,1766.138,690.263,2701.991,212.425,6894.399
Croatia,2005,1535.997,1833.136,721.259,2826.121,217.513,7134.026
Croatia,2006,1600.307,1950.114,715.28,2658.936,219.217,7143.854
Croatia,2007,1623.332,2096.104,707.571,2530.131,213.974,7171.111999999999
Croatia,2008,1628.475,2077.132,754.36,2589.92,227.895,7277.782
Croatia,2009,1371.285,2068.82,758.463,2645.608,223.626,7067.802000000001
Croatia,2010,1329.126,1980.608,797.584,2770.882,219.994,7098.194
Croatia,2011,1246.111,1942.325,786.568,2643.5,224.35,6842.854
Croatia,2012,1099.202,1902.891,758.306,2561.304,207.344,6529.047
Croatia,2013,1075.141,1924.636,740.881,2493.453,204.149,6438.26
Croatia,2014,1066.433,1900.924,693.717,2228.532,212.386,6101.992
Croatia,2015,1056.141,1997.802,763.679,2429.916,209.893,6457.4310000000005
Croatia,2016,1057.427,2045.099,780.992,2409.158,212.896,6505.571999999999
Croatia,2017,1148.118,2196.674,818.061,2392.72,211.762,6767.335
Croatia,2018,1161.853,2146.863,832.935,2298.895,218.051,6658.597000000001
Croatia,2019,1172.434,2235.149,835.886,2238.586,220.99,6703.044999999998
Croatia,2020,1171.272,1968.591,757.788,2277.143,233.682,6408.476
Croatia,2021,1191.359,2147.878,848.096,2441.87,233.858,6863.061000000001
Croatia,2022,1128.479,2234.877,808.947,2286.359,238.272,6696.934
Croatia,2023,1173.888,2488.585,780.95,2224.526,234.628,6902.576999999999
Croatia,2024,1140.414,2747.568,786.6,2212.031,244.59,7131.203
Czechia,1990,15927.153,2570.047,3029.948,7343.44,1534.588,30405.176
Czechia,1991,13463.688,2247.069,3215.662,7027.503,1479.347,27433.269
Czechia,1992,14643.152,2878.937,1887.977,6493.784,1162.592,27066.442
Czechia,1993,13528.518,2883.438,1710.377,6392.034,1108.702,25623.069
Czechia,1994,11584.194,3062.384,1641.413,6410.515,1103.942,23802.448
Czechia,1995,11442.857,2646.965,2416.379,6584.005,1232.374,24322.58
Czechia,1996,11228.686,3588.923,2309.82,7341.635,749.076,25218.14
Czechia,1997,11086.553,3692.714,2345.324,6989.25,581.889,24695.73
Czechia,1998,10225.206,3785.498,2646.077,6575.111,547.276,23779.168
Czechia,1999,8573.606,4144.646,2927.003,6529.019,652.309,22826.583000000002
Czechia,2000,9195.503,4206.928,2971.701,6437.123,661.234,23472.489
Czechia,2001,8912.446,4417.017,3215.311,7007.797,606.166,24158.737
Czechia,2002,8622.782,4613.834,3029.362,6719.303,570.274,23555.555
Czechia,2003,8509.412,5209.184,3429.547,6933.364,562.704,24644.211
Czechia,2004,8796.781,5371.418,3488.602,6828.858,556.961,25042.62
Czechia,2005,8685.369,5747.453,3137.474,6665.539,546.793,24782.628000000004
Czechia,2006,8627.321,5963.29,3095.354,6786.785,560.299,25033.049
Czechia,2007,8303.898,6290.504,2972.526,6414.496,520.599,24502.022999999997
Czechia,2008,7946.523,6325.031,3157.361,6512.139,520.352,24461.406
Czechia,2009,7355.363,6220.839,2977.074,6656.571,513.392,23723.239
Czechia,2010,6888.698,5916.11,3249.062,7440.711,546.022,24040.603000000003
Czechia,2011,6771.988,5935.592,3132.559,6863.723,547.912,23251.774
Czechia,2012,6726.299,5788.889,3039.527,7115.57,563.455,23233.74
Czechia,2013,6426.744,5738.681,3010.066,7269.133,609.855,23054.478999999996
Czechia,2014,6331.755,5948.768,2922.578,6554.173,615.141,22372.415
Czechia,2015,6477.94,6195.22,2977.367,6769.51,606.831,23026.868
Czechia,2016,6412.09,6417.093,3091.444,7090.172,640.619,23651.417999999998
Czechia,2017,6734.121,6617.264,3180.772,7202.965,639.487,24374.609
Czechia,2018,6699.106,6659.891,3127.767,7042.708,620.358,24149.829999999998
Czechia,2019,6618.619,6778.778,3191.895,6963.387,635.277,24187.956
Czechia,2020,6567.069,6377.501,2987.13,7148.052,637.872,23717.624
Czechia,2021,7013.271,6749.252,2966.844,7864.166,642.03,25235.563000000002
Czechia,2022,6564.625,6888.929,2889.892,7157.766,613.167,24114.379
Czechia,2023,5966.333,7027.815,2693.4,6416.158,601.905,22705.610999999997
Czechia,2024,5671.87,7313.13,2746.66,6229.411,608.383,22569.454
Estonia,1990,2356.667,832.38,287.527,1006.216,678.072,5160.862
Estonia,1991,2434.963,756.253,270.713,885.008,706.702,5053.639000000001
Estonia,1992,1399.113,408.349,280.171,773.142,400.205,3260.9799999999996
Estonia,1993,1265.369,434.262,135.232,751.733,216.755,2803.3509999999997
Estonia,1994,1041.484,535.112,267.426,888.218,104.35,2836.5899999999997
Estonia,1995,755.208,525.281,171.976,1082.343,83.079,2617.887
Estonia,1996,857.226,554.58,222.967,1147.364,98.715,2880.8520000000003
Estonia,1997,777.581,581.961,249.101,1146.558,83.039,2838.2400000000002
Estonia,1998,684.074,600.143,248.406,1000.777,86.879,2620.279
Estonia,1999,568.583,558.357,276.187,954.78,56.254,2414.161
Estonia,2000,579.493,556.44,288.156,926.31,58.096,2408.495
Estonia,2001,642.945,662.048,296.163,946.972,99.565,2647.6929999999998
Estonia,2002,584.173,694.411,299.255,915.904,108.8,2602.543
Estonia,2003,664.09,671.886,338.588,924.163,113.202,2711.929
Estonia,2004,681.833,682.464,380.535,921.954,103.693,2770.4790000000003
Estonia,2005,710.314,717.906,388.669,889.167,103.226,2809.2819999999997
Estonia,2006,684.66,767.853,397.078,881.169,97.724,2828.484
Estonia,2007,755.286,803.603,409.878,961.519,92.934,3023.2200000000003
Estonia,2008,732.029,777.763,433.181,951.951,94.87,2989.794
Estonia,2009,529.854,713.25,418.577,970.068,92.706,2724.455
Estonia,2010,577.671,754.608,424.239,1026.849,94.779,2878.146
Estonia,2011,586.045,749.262,402.178,935.253,108.177,2780.915
Estonia,2012,564.247,757.812,423.52,970.828,110.044,2826.451
Estonia,2013,639.597,739.198,417.892,933.506,109.435,2839.628
Estonia,2014,555.819,741.51,457.642,888.143,130.375,2773.489
Estonia,2015,535.033,760.004,465.395,857.435,131.79,2749.657
Estonia,2016,457.757,776.895,498.236,930.578,129.73,2793.196
Estonia,2017,462.926,803.862,466.591,940.914,131.657,2805.95
Estonia,2018,485.921,834.796,490.285,941.042,124.184,2876.2280000000005
Estonia,2019,459.307,839.841,462.14,951.351,112.796,2825.435
Estonia,2020,408.037,795.628,467.154,944.704,109.366,2724.889
Estonia,2021,383.584,840.249,511.934,965.256,88.114,2789.137
Estonia,2022,358.4,845.746,455.451,963.88,96.826,2720.303
Estonia,2023,337.166,845.792,361.21,935.976,81.732,2561.876
Estonia,2024,462.562,864.947,389.32,938.747,36.865,2692.441
Hungary,1990,6021.92,2954.047,2022.054,6720.543,1137.051,18855.614999999998
Hungary,1991,5063.927,2589.946,2399.012,6968.345,959.724,17980.953999999998
Hungary,1992,4068.408,2502.627,1988.226,6366.602,757.635,15683.498000000001
Hungary,1993,3818.268,2495.02,2401.029,6323.553,671.522,15709.392000000002
Hungary,1994,3505.723,2432.143,2633.928,6202.577,683.49,15457.860999999999
Hungary,1995,3469.643,2497.499,2641.469,6200.435,664.351,15473.397000000003
Hungary,1996,3650.668,2491.695,2983.461,6235.352,710.355,16071.530999999999
Hungary,1997,3506.255,2629.31,2887.651,5833.068,692.92,15549.204
Hungary,1998,3435.181,2905.959,2922.513,5634.655,710.069,15608.376999999997
Hungary,1999,3316.405,3084.451,2961.838,5779.695,722.582,15864.971
Hungary,2000,3258.963,3061.374,3026.274,5601.853,670.22,15618.684
Hungary,2001,3394.447,3218.114,3199.631,6009.595,632.889,16454.676
Hungary,2002,3459.363,3417.473,2967.144,6016.637,653.787,16514.404
Hungary,2003,3374.825,3574.842,3085.163,6603.918,616.172,17254.92
Hungary,2004,3081.695,3735.912,3546.045,6091.489,586.64,17041.781
Hungary,2005,3097.952,4036.333,3500.624,6969.275,560.52,18164.704
Hungary,2006,3117.723,4318.788,3182.934,6713.445,550.379,17883.269
Hungary,2007,3073.725,4398.631,2796.982,6117.605,498.362,16885.305
Hungary,2008,3081.38,4501.063,2741.319,6017.799,526.758,16868.319000000003
Hungary,2009,2424.57,4480.534,2903.651,6311.473,441.29,16561.518
Hungary,2010,2604.791,4089.374,3048.64,6648.743,487.466,16879.014000000003
Hungary,2011,2998.149,3812.948,3053.612,6569.577,482.629,16916.915
Hungary,2012,3182.392,3692.233,2353.881,6375.847,398.231,16002.583999999999
Hungary,2013,3725.701,3459.986,2337.107,6209.747,520.855,16253.396
Hungary,2014,3705.025,3873.295,2114.78,5487.452,593.057,15773.609
Hungary,2015,3867.221,4181.253,2203.657,5969.813,576.48,16798.424000000003
Hungary,2016,3988.299,4261.597,2183.456,6156.505,646.943,17236.8
Hungary,2017,4282.774,4496.778,2154.189,6294.138,608.396,17836.275
Hungary,2018,4453.878,4790.228,2098.672,5818.115,647.18,17808.073
Hungary,2019,4459.617,5070.454,2050.439,5676.869,672.843,17930.222
Hungary,2020,4421.598,4459.534,2000.195,5980.487,703.444,17565.257999999998
Hungary,2021,4729.286,4897.618,2074.148,6374.4,665.967,18741.418999999998
Hungary,2022,4303.259,5277.609,1905.638,5821.192,596.722,17904.420000000002
Hungary,2023,3998.463,4932.683,1642.105,5367.117,565.942,16506.31
Hungary,2024,4231.786,4907.517,1632.815,5259.795,539.523,16571.436
Latvia,1990,1984.908,1053.608,1102.573,1582.861,574.743,6298.693
Latvia,1991,1740.707,961.347,1166.138,1762.827,484.322,6115.341
Latvia,1992,1325.057,843.867,910.905,1686.439,322.8,5089.068
Latvia,1993,882.543,788.196,751.794,1738.233,249.086,4409.852
Latvia,1994,700.445,724.953,708.452,1667.221,188.377,3989.4480000000003
Latvia,1995,701.111,690.499,662.456,1600.616,124.091,3778.773
Latvia,1996,668.206,664.958,563.782,1691.821,123.908,3712.6749999999997
Latvia,1997,736.001,673.78,590.775,1540.61,122.915,3664.081
Latvia,1998,711.715,664.425,561.131,1499.284,112.539,3549.094
Latvia,1999,639.925,652.686,523.939,1410.043,104.431,3331.024
Latvia,2000,576.545,722.129,472.688,1326.642,100.261,3198.265
Latvia,2001,612.785,851.186,501.962,1442.273,102.576,3510.782
Latvia,2002,621.917,873.016,534.925,1431.035,103.381,3564.274
Latvia,2003,626.382,918.913,564.695,1498.75,111.471,3720.2110000000002
Latvia,2004,667.157,964.041,596.232,1472.758,124.787,3824.975
Latvia,2005,698.627,1007.9,594.581,1503.944,126.362,3931.414
Latvia,2006,741.131,1112.4,635.797,1480.648,135.627,4105.603
Latvia,2007,722.775,1252.378,683.328,1457.706,142.839,4259.026
Latvia,2008,679.176,1182.956,609.948,1451.54,120.895,4044.515
Latvia,2009,651.715,1038.946,572.964,1534.586,129.908,3928.119
Latvia,2010,773.847,1083.453,597.801,1388.905,145.221,3989.2270000000003
Latvia,2011,747.755,964.755,556.709,1327.389,141.027,3737.635
Latvia,2012,827.436,929.636,623.331,1376.24,142.226,3898.869
Latvia,2013,767.643,939.54,600.446,1267.242,147.703,3722.574
Latvia,2014,791.158,982.367,608.772,1238.471,146.055,3766.823
Latvia,2015,787.78,1037.65,586.308,1105.582,155.461,3672.781000000001
Latvia,2016,748.954,1033.562,592.494,1143.483,167.426,3685.9189999999994
Latvia,2017,793.307,1080.824,606.778,1195.604,185.097,3861.61
Latvia,2018,897.845,1108.725,591.751,1231.009,180.684,4010.014
Latvia,2019,852.714,1098.869,568.472,1187.967,201.632,3909.6540000000005
Latvia,2020,870.882,1045.5,549.954,1115.366,205.033,3786.735
Latvia,2021,894.119,1077.062,600.656,1202.993,191.606,3966.4359999999997
Latvia,2022,907.175,1022.107,569.985,1115.069,193.219,3807.555
Latvia,2023,921.39,1021.614,539.563,1079.133,188.897,3750.5969999999998
Latvia,2024,775.245,967.511,535.453,1099.341,203.758,3581.3079999999995
Lithuania,1990,3326.631,1858.532,1713.441,1842.68,797.386,9538.67
Lithuania,1991,3326.179,2051.819,1922.193,2007.139,686.4,9993.73
Lithuania,1992,1881.557,1347.083,1014.119,1628.92,430.133,6301.812
Lithuania,1993,1107.362,1030.305,720.74,1713.853,294.049,4866.309
Lithuania,1994,1104.732,811.601,789.098,1748.729,234.339,4688.499
Lithuania,1995,1018.067,997.88,690.484,1640.071,203.59,4550.092000000001
Lithuania,1996,975.669,1096.565,616.462,1549.527,203.939,4442.162
Lithuania,1997,999.026,1222.918,588.755,1497.468,176.6,4484.767000000001
Lithuania,1998,1002.313,1285.097,541.323,1450.236,161.42,4440.389
Lithuania,1999,830.02,1147.376,530.337,1401.67,113.175,4022.5780000000004
Lithuania,2000,780.156,1032.909,463.448,1366.002,99.543,3742.058
Lithuania,2001,772.342,1127.43,470.913,1417.803,98.899,3887.387
Lithuania,2002,859.047,1168.189,488.87,1440.644,100.66,4057.41
Lithuania,2003,904.892,1187.76,518.833,1465.121,101.813,4178.419
Lithuania,2004,931.504,1303.725,541.68,1478.962,105.248,4361.118999999999
Lithuania,2005,1057.591,1386.438,561.997,1506.591,104.3,4616.917
Lithuania,2006,1088.041,1493.684,607.527,1568.999,110.358,4868.609
Lithuania,2007,1116.536,1771.228,629.697,1503.571,117.416,5138.448
Lithuania,2008,1010.085,1768.062,604.183,1551.803,113.591,5047.724
Lithuania,2009,872.141,1465.602,590.787,1568.648,102.418,4599.596
Lithuania,2010,949.629,1497.054,600.7,1593.216,109.277,4749.876
Lithuania,2011,1013.346,1483.642,583.961,1532.207,108.649,4721.805000000001
Lithuania,2012,1071.759,1508.424,610.064,1534.798,108.517,4833.562
Lithuania,2013,1037.327,1502.068,593.023,1467.198,104.189,4703.805
Lithuania,2014,1033.722,1662.623,585.668,1400.9,103.882,4786.795
Lithuania,2015,982.755,1750.186,574.923,1359.131,97.73,4764.724999999999
Lithuania,2016,988.969,1864.513,602.552,1433.211,104.348,4993.593
Lithuania,2017,1070.927,1960.025,633.867,1455.374,109.24,5229.433
Lithuania,2018,1106.588,2081.494,651.177,1511.606,107.656,5458.521000000001
Lithuania,2019,1113.763,2150.671,626.707,1447.177,110.692,5449.009999999999
Lithuania,2020,1024.34,2126.456,576.205,1433.361,113.704,5274.066
Lithuania,2021,1109.164,2144.972,646.668,1629.694,121.754,5652.252
Lithuania,2022,953.872,2103.595,623.744,1558.114,126.365,5365.69
Lithuania,2023,898.67,2144.1,620.897,1530.945,114.204,5308.816
Lithuania,2024,979.789,2084.679,639.231,1616.951,291.886,5612.536
Poland,1990,23014.974,7185.112,4953.576,17829.287,3392.589,56375.53799999999
Poland,1991,21143.016,7474.411,4882.639,20471.602,3679.253,57650.920999999995
Poland,1992,19332.063,7579.094,4808.676,20843.784,3867.229,56430.846
Poland,1993,20236.757,7423.07,5000.87,24414.075,4736.212,61810.984
Poland,1994,19577.211,7700.732,4216.601,23091.131,4976.622,59562.297000000006
Poland,1995,21351.34,7978.804,4134.172,22656.785,4788.901,60910.00199999999
Poland,1996,23019.576,8985.587,4629.982,23023.0,4973.241,64631.386000000006
Poland,1997,22424.648,9488.371,4449.791,21706.328,5163.813,63232.951
Poland,1998,19606.054,9969.413,4565.359,19533.173,4741.747,58415.746
Poland,1999,17095.704,10827.962,4905.193,19438.526,4836.891,57104.27600000001
Poland,2000,17103.896,9594.767,4966.033,17207.79,4645.508,53517.994000000006
Poland,2001,15789.623,9549.384,5385.164,18812.527,4608.69,54145.388
Poland,2002,15301.695,9273.373,6092.486,18694.218,4379.619,53741.390999999996
Poland,2003,15829.903,10139.462,6314.678,18795.905,4191.626,55271.57399999999
Poland,2004,15509.622,11384.162,6729.648,18831.675,4300.884,56755.991
Poland,2005,14617.708,12224.81,6730.226,19469.163,4438.069,57479.976
Poland,2006,14653.888,13498.18,7461.947,20469.408,3819.318,59902.740999999995
Poland,2007,15249.796,14842.218,7111.609,19366.034,3510.804,60080.46100000001
Poland,2008,13982.544,15805.595,7979.599,19668.123,3639.958,61075.818999999996
Poland,2009,12823.318,16162.094,8040.534,19991.704,3571.639,60589.289
Poland,2010,13499.375,17187.324,8836.745,22003.32,3730.31,65257.074
Poland,2011,13961.33,17408.452,8429.419,20130.182,3679.665,63609.048
Poland,2012,13733.354,16680.374,8363.965,20812.928,3666.477,63257.098
Poland,2013,14210.67,15744.03,8078.718,20492.305,3578.307,62104.03
Poland,2014,14153.187,15804.956,7788.276,19034.846,3420.882,60202.147
Poland,2015,14095.754,16561.088,7842.349,19032.461,3329.935,60861.587
Poland,2016,14652.306,18557.173,8502.804,19886.302,3537.569,65136.153999999995
Poland,2017,15820.047,21415.239,8044.539,20063.177,3881.008,69224.01
Poland,2018,16327.935,22316.791,7928.559,22557.493,3918.937,73049.71500000001
Poland,2019,16492.204,22746.098,7808.047,20993.899,3813.401,71853.649
Poland,2020,15921.165,21725.353,7561.151,21101.347,3867.885,70176.901
Poland,2021,16274.112,23508.374,8393.796,22130.789,3834.615,74141.686
Poland,2022,15074.146,23856.025,8136.768,20492.124,3302.534,70861.597
Poland,2023,13723.846,23719.096,8097.506,19920.949,3576.038,69037.435
Poland,2024,14534.874,24367.676,7413.122,19636.597,3096.913,69049.182
Romania,1990,24368.604,4178.492,389.94,10478.499,2260.353,41675.888
Romania,1991,20160.119,3615.777,173.087,7194.435,2330.439,33473.857
Romania,1992,13182.551,3714.091,628.432,6259.509,1422.831,25207.413999999997
Romania,1993,12099.051,2976.167,405.46,6606.767,1156.467,23243.912
Romania,1994,13080.211,3121.342,465.843,6398.178,812.724,23878.298
Romania,1995,13996.058,2914.092,511.782,6335.814,1004.686,24762.432
Romania,1996,13808.406,4023.553,683.639,8110.644,848.02,27474.262000000002
Romania,1997,11790.324,4086.726,474.3,9656.902,916.911,26925.163
Romania,1998,9718.904,3867.36,778.337,9506.591,776.612,24647.804000000004
Romania,1999,8242.156,3181.486,699.448,8749.417,467.948,21340.454999999998
Romania,2000,8601.751,3321.021,673.421,8417.586,398.089,21411.868000000002
Romania,2001,9060.665,3996.98,1122.776,7286.854,288.515,21755.79
Romania,2002,9665.032,4119.965,557.368,7226.183,278.553,21847.101
Romania,2003,9345.834,4308.882,1150.384,7829.947,242.153,22877.199999999997
Romania,2004,9250.757,4468.709,1264.004,7972.437,231.902,23187.808999999997
Romania,2005,8997.651,4155.278,1669.97,7991.34,214.819,23029.058
Romania,2006,8653.802,4269.246,2411.576,7854.717,261.437,23450.778000000002
Romania,2007,8336.571,4578.362,2019.69,7519.256,261.079,22714.958000000002
Romania,2008,8318.681,5160.397,1697.801,8070.214,293.477,23540.57
Romania,2009,6144.626,5268.425,1760.388,8015.179,380.376,21568.994
Romania,2010,6484.195,4965.841,1880.538,8102.009,392.827,21825.41
Romania,2011,7059.692,5212.55,1774.282,7859.678,434.689,22340.890999999996
Romania,2012,6748.255,5314.735,1763.099,8060.582,497.765,22384.436
Romania,2013,6272.845,5188.743,1784.9,7721.97,469.335,21437.792999999998
Romania,2014,6427.425,5266.333,1768.388,7409.681,420.892,21292.719
Romania,2015,6418.898,5337.702,1761.969,7375.183,458.591,21352.343
Romania,2016,6263.796,5738.034,1806.394,7414.92,453.305,21676.449
Romania,2017,6437.729,6149.188,1858.427,7732.038,495.784,22673.166
Romania,2018,6612.433,6303.748,1976.15,7775.08,565.828,23233.239
Romania,2019,6661.063,6571.907,1962.137,7753.283,557.151,23505.541000000005
Romania,2020,6437.031,6460.8,1834.29,8007.426,530.671,23270.217999999997
Romania,2021,6856.343,6879.222,1854.128,8764.871,566.582,24921.145999999997
Romania,2022,5739.746,7444.576,1908.08,7894.699,554.831,23541.931999999997
Romania,2023,4958.0,7721.894,2050.182,7552.174,539.309,22821.559
Romania,2024,5042.183,7944.828,1933.88,7434.117,523.825,22878.833000000002
Slovakia,1990,5776.747,1447.68,3659.087,2246.498,708.894,13838.906
Slovakia,1991,4978.912,1242.995,3173.879,1888.877,513.781,11798.444
Slovakia,1992,4815.053,1254.744,2903.726,1767.102,415.37,11155.995
Slovakia,1993,3874.851,1069.298,3052.135,1720.807,499.333,10216.424
Slovakia,1994,4096.935,1237.928,2451.14,1771.655,315.141,9872.799
Slovakia,1995,3631.011,1374.315,2655.855,1976.756,301.567,9939.504
Slovakia,1996,3863.516,1248.385,2670.42,2232.746,287.002,10302.069
Slovakia,1997,3783.953,1447.545,2409.969,2362.268,310.427,10314.162
Slovakia,1998,3481.511,1469.496,2473.343,2448.105,259.523,10131.978
Slovakia,1999,3334.343,1484.764,2363.297,2568.717,227.24,9978.361
Slovakia,2000,3503.042,1429.505,2199.591,2586.241,207.017,9925.396
Slovakia,2001,3503.494,2000.616,1705.635,3082.644,180.984,10473.373000000001
Slovakia,2002,3626.102,2209.482,1552.966,2997.922,149.413,10535.885
Slovakia,2003,3663.399,2043.513,1300.518,2839.583,159.184,10006.197
Slovakia,2004,3446.606,2165.206,1439.761,2666.506,161.773,9879.851999999999
Slovakia,2005,3590.796,2354.82,1750.803,2540.462,165.358,10402.239
Slovakia,2006,3565.994,2215.123,1877.469,2310.145,142.124,10110.855
Slovakia,2007,3662.817,2429.892,1872.441,2080.702,136.722,10182.573999999999
Slovakia,2008,3651.572,2668.941,1938.741,2130.687,140.793,10530.734
Slovakia,2009,3118.543,2314.2,1944.416,2147.493,130.019,9654.671
Slovakia,2010,3224.086,2595.378,2105.4,3028.239,134.641,11087.743999999999
Slovakia,2011,3255.331,2596.766,1601.718,2790.822,157.65,10402.286999999998
Slovakia,2012,3233.817,2299.84,1451.245,2820.587,143.477,9948.966
Slovakia,2013,3114.817,2308.716,1710.558,2842.735,131.056,10107.882
Slovakia,2014,3241.628,2176.422,1233.318,2325.037,137.209,9113.614000000001
Slovakia,2015,3333.371,2168.799,1299.549,2573.288,150.297,9525.304
Slovakia,2016,3308.576,2429.877,1308.325,2688.692,148.743,9884.213
Slovakia,2017,3452.442,2772.655,1426.737,2744.162,142.552,10538.547999999999
Slovakia,2018,3662.539,2744.051,1314.726,2546.007,132.68,10400.003
Slovakia,2019,3463.68,2789.729,1222.506,2637.679,129.36,10242.954000000002
Slovakia,2020,3138.177,2487.886,1108.698,2744.571,131.8,9611.132
Slovakia,2021,3382.392,2619.259,1408.624,2966.314,131.742,10508.331
Slovakia,2022,3167.959,2659.961,1285.219,2686.513,123.964,9923.616
Slovakia,2023,2869.479,2624.335,1146.792,2425.468,119.368,9185.442000000001
Slovakia,2024,2875.036,2597.773,1161.631,2299.882,120.654,9054.976
Slovenia,1990,1528.388,909.786,293.671,953.347,0.0,3685.192
Slovenia,1991,1359.651,856.411,331.843,1134.819,0.0,3682.7239999999997
Slovenia,1992,1146.482,882.305,335.02,1011.722,0.0,3375.5289999999995
Slovenia,1993,1110.829,1062.283,377.611,1101.065,0.0,3651.788
Slovenia,1994,1225.948,1184.652,336.959,1093.883,0.0,3841.442
Slovenia,1995,1180.505,1319.046,398.02,1163.921,0.0,4061.492
Slovenia,1996,1189.642,1491.841,740.593,1033.136,0.0,4455.2119999999995
Slovenia,1997,1224.451,1559.415,673.229,1070.152,0.0,4527.247
Slovenia,1998,1204.944,1300.795,745.194,1030.235,72.92,4354.088
Slovenia,1999,1209.872,1232.266,825.938,1054.162,72.92,4395.158
Slovenia,2000,1426.9,1223.677,527.202,1242.439,78.21,4498.428000000001
Slovenia,2001,1338.359,1273.951,720.049,1329.405,77.183,4738.947
Slovenia,2002,1265.251,1301.736,715.289,1287.778,76.156,4646.21
Slovenia,2003,1501.972,1319.239,504.478,1407.539,79.237,4812.465
Slovenia,2004,1536.489,1375.153,543.362,1381.173,74.071,4910.248
Slovenia,2005,1645.872,1462.797,475.779,1428.841,75.098,5088.387
Slovenia,2006,1701.272,1529.121,438.76,1334.128,75.413,5078.6939999999995
Slovenia,2007,1607.556,1731.091,369.879,1301.505,74.396,5084.427
Slovenia,2008,1485.338,2035.783,496.453,1354.045,76.431,5448.05
Slovenia,2009,1221.108,1719.587,490.996,1320.196,66.256,4818.143
Slovenia,2010,1274.056,1778.392,532.638,1363.866,69.542,5018.494000000001
Slovenia,2011,1236.892,1882.202,531.47,1299.105,67.507,5017.1759999999995
Slovenia,2012,1207.414,1899.103,453.358,1251.763,71.014,4882.652
Slovenia,2013,1197.651,1809.666,467.775,1238.44,69.998,4783.53
Slovenia,2014,1231.213,1794.9,427.211,1060.348,75.287,4588.959000000001
Slovenia,2015,1228.021,1772.57,454.503,1172.476,74.166,4701.736
Slovenia,2016,1242.337,1882.533,492.427,1196.324,73.381,4887.002
Slovenia,2017,1295.612,1934.203,480.68,1171.381,72.919,4954.795
Slovenia,2018,1319.176,1974.63,474.453,1101.397,74.521,4944.177
Slovenia,2019,1322.08,1926.584,451.994,1076.85,73.245,4850.753
Slovenia,2020,1256.408,1583.292,418.343,1091.333,71.937,4421.313
Slovenia,2021,1294.263,1799.603,421.099,1162.089,73.567,4750.621
Slovenia,2022,1181.138,1954.951,429.899,1052.349,73.954,4692.290999999999
Slovenia,2023,1073.341,1834.363,437.184,1040.915,73.844,4459.647
Slovenia,2024,1081.758,1931.734,441.653,1033.167,72.851,4561.163
